transaction_id,date,description,amount,type,is_salary,is_recurring_debit
TX-TC006-1,2026-06-10,RECURRING EMI AUTO-DEBIT,-300.0,DEBIT,False,True
TX-TC006-2,2026-06-15,UTILITY & BILL PAYMENT,-450.0,DEBIT,False,True
TX-TC006-3,2026-06-20,GROCERY & SUPERMARKET,-650.0,DEBIT,False,False
TX-TC006-4,2026-07-10,RECURRING EMI AUTO-DEBIT,-300.0,DEBIT,False,True
TX-TC006-5,2026-07-15,UTILITY & BILL PAYMENT,-450.0,DEBIT,False,True
TX-TC006-6,2026-07-20,GROCERY & SUPERMARKET,-650.0,DEBIT,False,False
TX-TC006-7,2026-07-10,RECURRING EMI AUTO-DEBIT,-300.0,DEBIT,False,True
TX-TC006-8,2026-07-15,UTILITY & BILL PAYMENT,-450.0,DEBIT,False,True
TX-TC006-9,2026-07-20,GROCERY & SUPERMARKET,-650.0,DEBIT,False,False
